frame,predicted_count,gold_count,true_positives,false_positives,false_negatives,precision,recall,f1,localization_rmse_px,seed_count,otsu_threshold,high_threshold,low_threshold
0,79,74,70,9,4,0.886076,0.945946,0.915033,3.227927,80,33.921763,40.706116,1.356871
1,79,74,70,9,4,0.886076,0.945946,0.915033,3.171532,80,33.921763,40.706116,1.356871
2,82,75,70,12,5,0.853659,0.933333,0.891720,3.221782,82,33.773546,40.528255,1.350942
3,81,75,69,12,6,0.851852,0.920000,0.884615,3.401136,81,33.372503,40.047004,1.334900
4,82,76,69,13,7,0.841463,0.907895,0.873418,3.640857,82,33.309614,39.971537,1.332385
5,85,76,71,14,5,0.835294,0.934211,0.881988,3.228240,85,33.342187,40.010624,1.333687
6,85,76,71,14,5,0.835294,0.934211,0.881988,3.116684,85,33.046817,39.656181,1.321873
7,82,76,70,12,6,0.853659,0.921053,0.886076,3.291058,82,32.892111,39.470533,1.315684
8,82,76,70,12,6,0.853659,0.921053,0.886076,3.062385,82,32.559583,39.071499,1.302383
9,82,76,71,11,5,0.865854,0.934211,0.898734,3.343523,82,32.636501,39.163801,1.305460
10,80,76,71,9,5,0.887500,0.934211,0.910256,3.277930,80,32.497906,38.997487,1.299916
11,82,76,72,10,4,0.878049,0.947368,0.911392,3.328965,82,32.441218,38.929461,1.297649
12,80,76,71,9,5,0.887500,0.934211,0.910256,3.200720,80,32.421696,38.906035,1.296868
13,80,76,71,9,5,0.887500,0.934211,0.910256,3.325285,80,32.208994,38.650793,1.288360
14,80,75,70,10,5,0.875000,0.933333,0.903226,3.432584,80,32.356656,38.827987,1.294266
15,80,76,71,9,5,0.887500,0.934211,0.910256,3.701820,80,32.629503,39.155404,1.305180
16,80,76,71,9,5,0.887500,0.934211,0.910256,3.539816,80,32.377788,38.853346,1.295112
17,81,76,73,8,3,0.901235,0.960526,0.929936,3.251026,81,32.066832,38.480198,1.282673
18,81,76,72,9,4,0.888889,0.947368,0.917197,3.212546,81,32.511149,39.013379,1.300446
19,81,76,73,8,3,0.901235,0.960526,0.929936,3.194454,81,32.311336,38.773603,1.292453
20,81,76,73,8,3,0.901235,0.960526,0.929936,3.159081,81,32.351546,38.821855,1.294062
21,80,76,72,8,4,0.900000,0.947368,0.923077,3.329614,80,32.639561,39.167473,1.305582
22,81,76,73,8,3,0.901235,0.960526,0.929936,3.291837,81,32.754260,39.305112,1.310170
23,82,77,73,9,4,0.890244,0.948052,0.918239,3.331174,82,32.767668,39.321201,1.310707
24,80,78,71,9,7,0.887500,0.910256,0.898734,3.318382,80,32.658119,39.189743,1.306325
25,83,78,75,8,3,0.903614,0.961538,0.931677,3.424172,83,32.550463,39.060556,1.302019
26,82,80,72,10,8,0.878049,0.900000,0.888889,3.058571,82,32.766200,39.319440,1.310648
27,84,80,76,8,4,0.904762,0.950000,0.926829,3.409252,84,32.558906,39.070688,1.302356
28,85,80,77,8,3,0.905882,0.962500,0.933333,3.444367,85,32.622648,39.147178,1.304906
29,85,80,77,8,3,0.905882,0.962500,0.933333,3.389892,85,32.491479,38.989775,1.299659
30,86,81,77,9,4,0.895349,0.950617,0.922156,3.070817,86,32.782490,39.338988,1.311300
31,85,82,77,8,5,0.905882,0.939024,0.922156,3.129026,85,32.791592,39.349910,1.311664
32,88,82,79,9,3,0.897727,0.963415,0.929412,2.928502,88,32.998956,39.598747,1.319958
33,88,82,79,9,3,0.897727,0.963415,0.929412,3.048624,88,32.836650,39.403980,1.313466
34,89,82,79,10,3,0.887640,0.963415,0.923977,2.847991,89,33.003981,39.604778,1.320159
35,90,82,80,10,2,0.888889,0.975610,0.930233,2.953361,90,32.849953,39.419943,1.313998
36,90,83,80,10,3,0.888889,0.963855,0.924855,2.970051,90,32.713196,39.255835,1.308528
37,92,83,81,11,2,0.880435,0.975904,0.925714,2.995525,92,32.965931,39.559117,1.318637
38,89,85,79,10,6,0.887640,0.929412,0.908046,3.040247,89,33.207184,39.848621,1.328287
39,89,85,81,8,4,0.910112,0.952941,0.931034,3.334509,89,33.096313,39.715576,1.323853
40,89,86,82,7,4,0.921348,0.953488,0.937143,3.434326,89,32.971881,39.566257,1.318875
41,89,88,82,7,6,0.921348,0.931818,0.926554,3.362581,89,32.719345,39.263214,1.308774
42,92,89,83,9,6,0.902174,0.932584,0.917127,3.090335,92,33.055640,39.666768,1.322226
43,92,89,84,8,5,0.913043,0.943820,0.928177,3.156520,92,32.756506,39.307807,1.310260
44,92,91,84,8,7,0.913043,0.923077,0.918033,3.121675,92,32.963517,39.556220,1.318541
45,93,91,84,9,7,0.903226,0.923077,0.913043,2.987481,93,32.686401,39.223681,1.307456
46,94,91,84,10,7,0.893617,0.923077,0.908108,3.022757,94,32.747163,39.296596,1.309887
47,94,91,84,10,7,0.893617,0.923077,0.908108,3.041709,94,32.614826,39.137791,1.304593
48,96,91,85,11,6,0.885417,0.934066,0.909091,3.165204,96,32.819920,39.383904,1.312797
49,95,92,85,10,7,0.894737,0.923913,0.909091,3.037387,95,32.856612,39.427934,1.314264
50,95,92,85,10,7,0.894737,0.923913,0.909091,2.727100,95,32.805876,39.367051,1.312235
51,98,93,85,13,8,0.867347,0.913978,0.890052,2.811719,98,32.704369,39.245243,1.308175
52,97,94,87,10,7,0.896907,0.925532,0.910995,3.081118,97,32.856139,39.427367,1.314246
53,98,94,88,10,6,0.897959,0.936170,0.916667,2.935233,98,32.637582,39.165099,1.305503
54,100,94,89,11,5,0.890000,0.946809,0.917526,3.150079,100,32.612021,39.134425,1.304481
55,98,95,87,11,8,0.887755,0.915789,0.901554,3.306067,98,32.574203,39.089044,1.302968
56,96,96,87,9,9,0.906250,0.906250,0.906250,3.574960,96,32.528662,39.034395,1.301146
57,97,96,88,9,8,0.907216,0.916667,0.911917,3.352527,97,31.990938,38.389126,1.279638
58,97,96,88,9,8,0.907216,0.916667,0.911917,3.366696,97,32.416172,38.899406,1.296647
59,99,97,88,11,9,0.888889,0.907216,0.897959,3.290604,99,32.208761,38.650513,1.288350
60,96,98,88,8,10,0.916667,0.897959,0.907216,3.158922,96,32.529399,39.035279,1.301176
61,97,98,91,6,7,0.938144,0.928571,0.933333,3.204041,97,32.213352,38.656023,1.288534
62,97,98,90,7,8,0.927835,0.918367,0.923077,3.185793,97,32.444922,38.933907,1.297797
63,99,98,91,8,7,0.919192,0.928571,0.923858,3.193307,99,32.342926,38.811511,1.293717
64,100,98,90,10,8,0.900000,0.918367,0.909091,3.205102,100,31.790625,38.148750,1.271625
65,100,98,88,12,10,0.880000,0.897959,0.888889,3.018499,100,32.225047,38.670056,1.289002
66,100,99,87,13,12,0.870000,0.878788,0.874372,3.108128,100,32.318515,38.782218,1.292741
67,99,99,88,11,11,0.888889,0.888889,0.888889,3.470994,99,32.397691,38.877229,1.295908
68,101,100,90,11,10,0.891089,0.900000,0.895522,3.471247,101,32.138091,38.565709,1.285524
69,103,100,89,14,11,0.864078,0.890000,0.876847,3.277672,103,32.467552,38.961062,1.298702
70,103,100,91,12,9,0.883495,0.910000,0.896552,3.468764,103,32.482770,38.979324,1.299311
71,104,102,90,14,12,0.865385,0.882353,0.873786,3.061965,104,32.468186,38.961824,1.298727
72,103,102,91,12,11,0.883495,0.892157,0.887805,3.389537,103,32.365335,38.838403,1.294613
73,104,102,91,13,11,0.875000,0.892157,0.883495,3.477115,104,32.111216,38.533459,1.284449
74,106,103,93,13,10,0.877358,0.902913,0.889952,3.079323,106,32.368771,38.842525,1.294751
75,105,103,93,12,10,0.885714,0.902913,0.894231,3.288960,105,32.287632,38.745158,1.291505
76,104,101,89,15,12,0.855769,0.881188,0.868293,3.220658,104,32.198532,38.638239,1.287941
77,105,103,91,14,12,0.866667,0.883495,0.875000,3.489269,105,32.142798,38.571358,1.285712
78,106,104,91,15,13,0.858491,0.875000,0.866667,3.349107,106,32.237492,38.684990,1.289500
79,108,106,94,14,12,0.870370,0.886792,0.878505,3.272124,108,31.797935,38.157522,1.271917
80,109,106,96,13,10,0.880734,0.905660,0.893023,3.252288,109,31.830248,38.196298,1.273210
81,110,106,97,13,9,0.881818,0.915094,0.898148,3.306616,110,32.443263,38.931916,1.297731
82,110,106,97,13,9,0.881818,0.915094,0.898148,3.217786,110,32.249350,38.699219,1.289974
83,110,106,97,13,9,0.881818,0.915094,0.898148,3.188668,110,32.390860,38.869032,1.295634
84,109,107,97,12,10,0.889908,0.906542,0.898148,3.244239,109,32.326804,38.792165,1.293072
85,108,106,95,13,11,0.879630,0.896226,0.887850,3.371314,108,32.107032,38.528438,1.284281
86,108,106,96,12,10,0.888889,0.905660,0.897196,3.601468,108,32.182479,38.618975,1.287299
87,108,105,93,15,12,0.861111,0.885714,0.873239,3.720856,108,32.347241,38.816690,1.293890
88,110,107,94,16,13,0.854545,0.878505,0.866359,3.632087,110,32.165125,38.598150,1.286605
89,111,107,95,16,12,0.855856,0.887850,0.871560,3.560289,111,32.228467,38.674160,1.289139
90,111,106,96,15,10,0.864865,0.905660,0.884793,3.673004,111,32.526002,39.031202,1.301040
91,111,106,94,17,12,0.846847,0.886792,0.866359,3.574952,111,32.242896,38.691475,1.289716
92,113,106,96,17,10,0.849558,0.905660,0.876712,3.575943,113,32.333034,38.799641,1.293321
93,114,107,97,17,10,0.850877,0.906542,0.877828,3.452858,114,32.259321,38.711185,1.290373
94,115,106,96,19,10,0.834783,0.905660,0.868778,3.219702,115,32.316946,38.780335,1.292678
95,114,107,95,19,12,0.833333,0.887850,0.859729,3.255680,114,32.300900,38.761080,1.292036
96,118,107,99,19,8,0.838983,0.925234,0.880000,3.117029,118,32.402150,38.882580,1.296086
97,117,107,99,18,8,0.846154,0.925234,0.883929,3.256606,117,32.670800,39.204960,1.306832
98,117,108,100,17,8,0.854701,0.925926,0.888889,3.411874,117,32.675272,39.210326,1.307011
99,118,109,100,18,9,0.847458,0.917431,0.881057,3.355535,118,32.552983,39.063580,1.302119
100,118,110,98,20,12,0.830508,0.890909,0.859649,3.463129,118,32.698076,39.237691,1.307923
101,116,112,97,19,15,0.836207,0.866071,0.850877,3.645069,116,32.538364,39.046037,1.301535
102,119,112,99,20,13,0.831933,0.883929,0.857143,3.483270,119,32.383786,38.860544,1.295351
103,117,112,96,21,16,0.820513,0.857143,0.838428,3.695721,117,32.524656,39.029588,1.300986
104,121,116,100,21,16,0.826446,0.862069,0.843882,3.615062,121,32.460391,38.952469,1.298416
105,124,122,105,19,17,0.846774,0.860656,0.853659,3.311637,124,32.194823,38.633787,1.287793
106,117,122,99,18,23,0.846154,0.811475,0.828452,3.540274,117,33.888431,40.666117,1.355537
107,121,122,103,18,19,0.851240,0.844262,0.847737,3.317859,121,31.976335,38.371602,1.279053
108,123,125,105,18,20,0.853659,0.840000,0.846774,3.328418,123,31.718858,38.062629,1.268754
109,122,125,105,17,20,0.860656,0.840000,0.850202,3.239116,122,31.743456,38.092147,1.269738
110,125,128,108,17,20,0.864000,0.843750,0.853755,3.126881,125,31.475122,37.770147,1.259005
111,126,130,108,18,22,0.857143,0.830769,0.843750,3.178484,126,31.148604,37.378325,1.245944
112,127,130,109,18,21,0.858268,0.838462,0.848249,3.211162,127,31.067757,37.281308,1.242710
113,128,133,110,18,23,0.859375,0.827068,0.842912,3.296515,128,30.913914,37.096697,1.236557
114,129,136,111,18,25,0.860465,0.816176,0.837736,3.353406,129,30.885484,37.062581,1.235419
115,125,137,107,18,30,0.856000,0.781022,0.816794,3.367376,125,30.657014,36.788417,1.226281
116,129,139,110,19,29,0.852713,0.791367,0.820896,3.196342,129,30.465278,36.558334,1.218611
117,131,141,111,20,30,0.847328,0.787234,0.816176,3.324592,131,30.617663,36.741196,1.224707
118,132,142,113,19,29,0.856061,0.795775,0.824818,3.455570,132,30.608565,36.730278,1.224343
119,134,144,114,20,30,0.850746,0.791667,0.820144,3.396635,134,30.602416,36.722899,1.224097
120,137,144,117,20,27,0.854015,0.812500,0.832740,3.112529,137,30.708438,36.850126,1.228338
121,140,146,120,20,26,0.857143,0.821918,0.839161,3.062289,140,30.694618,36.833542,1.227785
122,140,145,120,20,25,0.857143,0.827586,0.842105,3.079296,140,30.878721,37.054466,1.235149
123,139,150,119,20,31,0.856115,0.793333,0.823529,3.251124,139,30.991842,37.190210,1.239674
124,137,150,119,18,31,0.868613,0.793333,0.829268,3.439957,137,30.802468,36.962962,1.232099
125,133,152,116,17,36,0.872180,0.763158,0.814035,3.456841,133,30.559673,36.671608,1.222387
126,140,153,123,17,30,0.878571,0.803922,0.839590,3.514684,140,30.579464,36.695357,1.223179
127,139,154,120,19,34,0.863309,0.779221,0.819113,3.485043,139,30.696539,36.835847,1.227862
128,144,154,124,20,30,0.861111,0.805195,0.832215,3.634657,144,30.509218,36.611062,1.220369
129,144,157,123,21,34,0.854167,0.783439,0.817276,3.517967,144,30.299498,36.359397,1.211980
130,146,158,128,18,30,0.876712,0.810127,0.842105,3.641138,146,30.536122,36.643346,1.221445
131,145,159,129,16,30,0.889655,0.811321,0.848684,3.760398,145,30.263036,36.315643,1.210521
132,143,159,127,16,32,0.888112,0.798742,0.841060,3.624950,143,29.969925,35.963910,1.198797
133,142,161,126,16,35,0.887324,0.782609,0.831683,3.512284,142,29.917109,35.900531,1.196684
134,142,162,125,17,37,0.880282,0.771605,0.822368,3.601056,142,30.022901,36.027481,1.200916
135,141,163,123,18,40,0.872340,0.754601,0.809211,3.526445,141,29.770114,35.724137,1.190805
136,144,164,126,18,38,0.875000,0.768293,0.818182,3.364710,144,29.856168,35.827402,1.194247
137,147,166,129,18,37,0.877551,0.777108,0.824281,3.464944,147,29.743870,35.692644,1.189755
138,151,166,130,21,36,0.860927,0.783133,0.820189,3.515631,151,29.773572,35.728286,1.190943
139,153,168,133,20,35,0.869281,0.791667,0.828660,3.648970,153,30.225296,36.270356,1.209012
140,155,168,133,22,35,0.858065,0.791667,0.823529,3.435787,155,29.778031,35.733637,1.191121
141,156,168,136,20,32,0.871795,0.809524,0.839506,3.649137,156,29.832811,35.799374,1.193312
142,155,173,134,21,39,0.864516,0.774566,0.817073,3.651710,155,30.008723,36.010467,1.200349
143,161,175,139,22,36,0.863354,0.794286,0.827381,3.752041,161,29.449520,35.339424,1.177981
144,167,178,145,22,33,0.868263,0.814607,0.840580,3.655382,167,29.554128,35.464954,1.182165
145,162,180,141,21,39,0.870370,0.783333,0.824561,3.439326,162,29.404128,35.284953,1.176165
146,164,181,143,21,38,0.871951,0.790055,0.828986,3.461964,164,29.568380,35.482055,1.182735
147,167,184,147,20,37,0.880240,0.798913,0.837607,3.571170,167,29.246954,35.096344,1.169878
148,167,185,145,22,40,0.868263,0.783784,0.823864,3.676347,167,28.730978,34.477173,1.149239
149,172,184,147,25,37,0.854651,0.798913,0.825843,3.641272,172,28.434896,34.121876,1.137396
150,165,187,143,22,44,0.866667,0.764706,0.812500,3.544214,165,28.540440,34.248528,1.141618
151,168,188,146,22,42,0.869048,0.776596,0.820225,3.576399,168,28.251432,33.901719,1.130057
152,172,189,149,23,40,0.866279,0.788360,0.825485,3.807104,172,28.346108,34.015330,1.133844
153,174,189,152,22,37,0.873563,0.804233,0.837466,3.669063,174,28.684101,34.420921,1.147364
154,169,191,148,21,43,0.875740,0.774869,0.822222,3.806171,169,28.845547,34.614657,1.153822
155,173,191,149,24,42,0.861272,0.780105,0.818681,3.814924,173,28.350510,34.020612,1.134020
156,173,191,149,24,42,0.861272,0.780105,0.818681,3.892841,173,28.486544,34.183853,1.139462
157,177,194,154,23,40,0.870056,0.793814,0.830189,3.991033,177,28.298137,33.957764,1.131925
158,179,196,155,24,41,0.865922,0.790816,0.826667,4.211085,179,28.595851,34.315021,1.143834
159,180,197,154,26,43,0.855556,0.781726,0.816976,4.058456,180,27.952775,33.543330,1.118111
160,180,198,154,26,44,0.855556,0.777778,0.814815,3.972123,180,28.383919,34.060703,1.135357
161,179,198,153,26,45,0.854749,0.772727,0.811671,3.985761,179,28.553739,34.264487,1.142150
162,177,199,151,26,48,0.853107,0.758794,0.803191,3.766065,177,28.491871,34.190245,1.139675
163,177,204,152,25,52,0.858757,0.745098,0.797900,3.787911,177,28.231648,33.877977,1.129266
164,174,206,152,22,54,0.873563,0.737864,0.800000,4.135446,174,28.013805,33.616566,1.120552
165,178,206,157,21,49,0.882022,0.762136,0.817708,4.075397,178,28.259309,33.911171,1.130372
166,181,206,157,24,49,0.867403,0.762136,0.811370,3.804199,181,28.028834,33.634601,1.121153
167,184,207,158,26,49,0.858696,0.763285,0.808184,3.762207,184,27.691851,33.230221,1.107674
168,181,209,159,22,50,0.878453,0.760766,0.815385,3.753025,181,27.839685,33.407622,1.113587
169,184,211,160,24,51,0.869565,0.758294,0.810127,3.685699,184,27.857523,33.429028,1.114301
170,184,211,161,23,50,0.875000,0.763033,0.815190,3.898718,184,27.677456,33.212947,1.107098
171,184,214,162,22,52,0.880435,0.757009,0.814070,3.947790,184,27.724783,33.269739,1.108991
172,181,214,158,23,56,0.872928,0.738318,0.800000,3.833274,181,27.554474,33.065369,1.102179
173,190,215,163,27,52,0.857895,0.758140,0.804938,3.779552,190,27.311391,32.773670,1.092456
174,186,215,161,25,54,0.865591,0.748837,0.802993,3.862098,186,27.282061,32.738473,1.091282
175,192,217,163,29,54,0.848958,0.751152,0.797066,3.901406,192,27.477650,32.973180,1.099106
176,188,218,161,27,57,0.856383,0.738532,0.793103,3.951656,188,27.550943,33.061132,1.102038
177,190,221,159,31,62,0.836842,0.719457,0.773723,3.868822,190,27.728305,33.273966,1.109132
178,184,224,154,30,70,0.836957,0.687500,0.754902,3.832932,184,27.718817,33.262580,1.108753
179,191,226,162,29,64,0.848168,0.716814,0.776978,3.731851,191,27.214357,32.657229,1.088574
180,189,229,160,29,69,0.846561,0.698690,0.765550,3.819319,189,26.882398,32.258878,1.075296
181,193,228,161,32,67,0.834197,0.706140,0.764846,3.883724,193,27.417775,32.901330,1.096711
182,196,231,162,34,69,0.826531,0.701299,0.758782,3.872399,196,27.656562,33.187875,1.106262
183,199,231,168,31,63,0.844221,0.727273,0.781395,3.824175,199,27.057598,32.469118,1.082304
184,202,236,172,30,64,0.851485,0.728814,0.785388,3.734445,202,27.261798,32.714157,1.090472
185,208,238,177,31,61,0.850962,0.743697,0.793722,3.598525,208,26.876225,32.251470,1.075049
186,214,239,180,34,59,0.841121,0.753138,0.794702,3.498388,214,27.318156,32.781787,1.092726
187,212,239,180,32,59,0.849057,0.753138,0.798226,3.393986,212,27.284218,32.741062,1.091369
188,208,240,179,29,61,0.860577,0.745833,0.799107,3.529145,208,27.163676,32.596412,1.086547
189,211,241,178,33,63,0.843602,0.738589,0.787611,3.737278,211,27.095515,32.514618,1.083821
190,209,244,177,32,67,0.846890,0.725410,0.781457,3.534946,209,27.157186,32.588623,1.086287
191,210,249,182,28,67,0.866667,0.730924,0.793028,3.675693,210,27.389100,32.866920,1.095564
192,210,249,181,29,68,0.861905,0.726908,0.788671,3.522511,210,27.335396,32.802476,1.093416
193,213,255,180,33,75,0.845070,0.705882,0.769231,3.385255,213,27.534064,33.040876,1.101363
194,223,261,190,33,71,0.852018,0.727969,0.785124,3.391864,223,26.879152,32.254982,1.075166
195,222,263,192,30,71,0.864865,0.730038,0.791753,3.585986,222,27.221336,32.665603,1.088853
196,220,266,188,32,78,0.854545,0.706767,0.773663,3.676167,220,27.136550,32.563861,1.085462
197,215,269,186,29,83,0.865116,0.691450,0.768595,3.399976,215,27.058279,32.469935,1.082331
198,225,271,195,30,76,0.866667,0.719557,0.786290,3.319556,225,26.541115,31.849338,1.061645
199,225,274,198,27,76,0.880000,0.722628,0.793587,3.443664,225,26.204949,31.445938,1.048198
200,219,277,196,23,81,0.894977,0.707581,0.790323,3.563797,219,26.146312,31.375575,1.045852
201,226,279,197,29,82,0.871681,0.706093,0.780198,3.734118,226,26.169646,31.403575,1.046786
202,229,279,200,29,79,0.873362,0.716846,0.787402,3.778402,229,26.036909,31.244291,1.041476
203,228,282,200,28,82,0.877193,0.709220,0.784314,3.792230,228,25.596244,30.715493,1.023850
204,224,285,196,28,89,0.875000,0.687719,0.770138,3.833063,224,25.936639,31.123967,1.037466
205,225,287,199,26,88,0.884444,0.693380,0.777344,4.030920,225,25.657619,30.789143,1.026305
206,225,289,197,28,92,0.875556,0.681661,0.766537,4.161188,225,25.885334,31.062401,1.035413
207,231,292,204,27,88,0.883117,0.698630,0.780115,4.055706,231,26.157489,31.388987,1.046300
208,236,300,205,31,95,0.868644,0.683333,0.764925,4.081405,236,25.950429,31.140515,1.038017
209,245,305,217,28,88,0.885714,0.711475,0.789091,4.035847,245,25.972231,31.166678,1.038889
210,255,309,222,33,87,0.870588,0.718447,0.787234,3.836141,255,25.433273,30.519928,1.017331
211,258,314,225,33,89,0.872093,0.716561,0.786713,3.885369,258,25.011370,30.013644,1.000455
212,259,318,224,35,94,0.864865,0.704403,0.776430,3.679468,259,25.327503,30.393004,1.013100
213,253,322,220,33,102,0.869565,0.683230,0.765217,3.771659,253,25.181037,30.217244,1.007241
214,258,327,223,35,104,0.864341,0.681957,0.762393,3.859324,258,25.012659,30.015191,1.000506
215,257,330,220,37,110,0.856031,0.666667,0.749574,3.891182,257,24.967766,29.961319,0.998711
216,261,335,222,39,113,0.850575,0.662687,0.744966,3.812508,261,24.879283,29.855140,0.995171
217,272,337,235,37,102,0.863971,0.697329,0.771757,3.854547,272,25.084714,30.101656,1.003389
218,271,342,231,40,111,0.852399,0.675439,0.753670,3.838848,271,24.818472,29.782166,0.992739
219,268,344,229,39,115,0.854478,0.665698,0.748366,3.914690,268,24.724812,29.669774,0.988992
220,275,347,235,40,112,0.854545,0.677233,0.755627,3.886688,275,24.229804,29.075765,0.969192
221,278,350,238,40,112,0.856115,0.680000,0.757962,3.787585,278,24.293993,29.152792,0.971760
222,284,352,242,42,110,0.852113,0.687500,0.761006,3.634826,284,24.369715,29.243658,0.974789
223,279,354,240,39,114,0.860215,0.677966,0.758294,3.566411,279,24.241463,29.089755,0.969659
224,277,357,241,36,116,0.870036,0.675070,0.760252,3.626456,277,23.754014,28.504817,0.950161
225,290,362,251,39,111,0.865517,0.693370,0.769939,3.645787,290,24.181829,29.018194,0.967273
226,290,363,249,41,114,0.858621,0.685950,0.762634,3.631709,290,23.986209,28.783450,0.959448
227,288,365,247,41,118,0.857639,0.676712,0.756508,3.907702,288,23.925347,28.710416,0.957014
228,297,368,252,45,116,0.848485,0.684783,0.757895,3.878366,297,23.688366,28.426039,0.947535
229,294,369,251,43,118,0.853741,0.680217,0.757164,3.915201,294,23.100989,27.721187,0.924040
230,300,371,261,39,110,0.870000,0.703504,0.777943,3.965686,300,22.956981,27.548377,0.918279
231,302,373,260,42,113,0.860927,0.697051,0.770370,3.805252,302,22.855848,27.427018,0.914234
232,308,374,262,46,112,0.850649,0.700535,0.768328,3.864625,308,22.491702,26.990042,0.899668
233,308,375,259,49,116,0.840909,0.690667,0.758419,3.972735,308,22.720825,27.264990,0.908833
234,306,376,257,49,119,0.839869,0.683511,0.753666,4.048327,306,22.709184,27.251020,0.908367
235,308,375,260,48,115,0.844156,0.693333,0.761347,4.002138,308,22.625905,27.151086,0.905036
236,311,376,264,47,112,0.848875,0.702128,0.768559,3.937494,311,22.499197,26.999037,0.899968
237,318,375,272,46,103,0.855346,0.725333,0.784993,3.890855,318,22.178491,26.614189,0.887140
238,306,376,259,47,117,0.846405,0.688830,0.759531,3.828903,306,22.151334,26.581601,0.886053
239,311,377,265,46,112,0.852090,0.702918,0.770349,3.985942,311,22.550963,27.061155,0.902039
240,308,383,260,48,123,0.844156,0.678851,0.752533,3.966030,308,22.679988,27.215986,0.907200
241,315,386,262,53,124,0.831746,0.678756,0.747504,3.945581,315,22.483812,26.980575,0.899352
242,311,389,263,48,126,0.845659,0.676093,0.751429,3.911661,311,22.871306,27.445567,0.914852
243,323,390,270,53,120,0.835913,0.692308,0.757363,3.528778,323,22.641279,27.169535,0.905651
244,322,391,269,53,122,0.835404,0.687980,0.754558,3.723746,322,22.708492,27.250190,0.908340
245,325,393,273,52,120,0.840000,0.694656,0.760446,3.641082,325,22.723645,27.268374,0.908946
246,323,396,268,55,128,0.829721,0.676768,0.745480,3.930925,323,22.875471,27.450565,0.915019
247,324,399,268,56,131,0.827160,0.671679,0.741355,3.949504,324,22.461579,26.953895,0.898463
248,323,399,271,52,128,0.839009,0.679198,0.750693,4.022902,323,23.032844,27.639412,0.921314
249,324,402,269,55,133,0.830247,0.669154,0.741047,3.784011,324,22.920733,27.504880,0.916829
250,328,404,277,51,127,0.844512,0.685644,0.756831,3.763496,328,22.670374,27.204449,0.906815
251,330,404,278,52,126,0.842424,0.688119,0.757493,3.574537,330,22.256560,26.707872,0.890262
252,329,409,276,53,133,0.838906,0.674817,0.747967,3.591189,329,22.411494,26.893792,0.896460
253,335,414,280,55,134,0.835821,0.676329,0.747664,3.746856,335,22.575954,27.091144,0.903038
254,341,417,284,57,133,0.832845,0.681055,0.749340,3.763757,341,22.727058,27.272470,0.909082
255,338,422,283,55,139,0.837278,0.670616,0.744737,3.910242,338,22.214751,26.657702,0.888590
256,338,426,286,52,140,0.846154,0.671362,0.748691,3.937834,338,22.165552,26.598662,0.886622
257,340,422,284,56,138,0.835294,0.672986,0.745407,4.013790,340,22.570879,27.085055,0.902835
258,342,426,291,51,135,0.850877,0.683099,0.757812,3.756820,342,22.646045,27.175254,0.905842
259,339,434,289,50,145,0.852507,0.665899,0.747736,3.824921,339,22.484336,26.981203,0.899373
260,345,442,294,51,148,0.852174,0.665158,0.747141,3.783031,345,22.688518,27.226222,0.907541
261,349,445,300,49,145,0.859599,0.674157,0.755668,3.861817,349,22.036376,26.443652,0.881455
262,354,455,302,52,153,0.853107,0.663736,0.746601,3.773242,354,22.032654,26.439185,0.881306
263,348,466,303,45,163,0.870690,0.650215,0.744472,3.898478,348,22.053317,26.463980,0.882133
264,342,472,297,45,175,0.868421,0.629237,0.729730,3.635931,342,21.906670,26.288004,0.876267
265,346,477,301,45,176,0.869942,0.631027,0.731470,3.692801,346,21.990126,26.388151,0.879605
266,356,480,314,42,166,0.882022,0.654167,0.751196,3.657588,356,21.486386,25.783664,0.859455
267,356,483,312,44,171,0.876404,0.645963,0.743743,3.746363,356,21.523719,25.828462,0.860949
268,353,486,306,47,180,0.866856,0.629630,0.729440,3.751683,353,21.408112,25.689735,0.856324
269,363,494,314,49,180,0.865014,0.635628,0.732789,3.954034,363,21.179912,25.415894,0.847196
270,362,503,314,48,189,0.867403,0.624254,0.726012,3.811292,362,21.078142,25.293771,0.843126
271,359,512,309,50,203,0.860724,0.603516,0.709529,3.763129,359,20.745453,24.894544,0.829818
272,360,515,312,48,203,0.866667,0.605825,0.713143,3.852462,360,20.854693,25.025631,0.834188
273,361,518,313,48,205,0.867036,0.604247,0.712173,3.949865,361,20.652349,24.782818,0.826094
274,366,524,317,49,207,0.866120,0.604962,0.712360,3.807557,366,20.835834,25.003001,0.833433
275,366,532,313,53,219,0.855191,0.588346,0.697105,3.839684,366,20.773718,24.928462,0.830949
276,372,533,323,49,210,0.868280,0.606004,0.713812,4.001925,372,20.497297,24.596757,0.819892
277,367,537,321,46,216,0.874659,0.597765,0.710177,3.983758,367,20.262249,24.314699,0.810490
278,363,544,313,50,231,0.862259,0.575368,0.690187,3.916851,363,20.301964,24.362357,0.812079
279,368,548,319,49,229,0.866848,0.582117,0.696507,3.973849,368,20.638338,24.766006,0.825534
280,364,553,313,51,240,0.859890,0.566004,0.682661,3.987798,364,20.872974,25.047569,0.834919
281,373,557,323,50,234,0.865952,0.579892,0.694624,3.896044,373,20.412677,24.495212,0.816507
282,370,565,323,47,242,0.872973,0.571681,0.690909,3.920759,370,20.340954,24.409144,0.813638
283,386,569,331,55,238,0.857513,0.581722,0.693194,3.752326,386,20.192628,24.231154,0.807705
284,387,575,333,54,242,0.860465,0.579130,0.692308,3.688642,387,20.139758,24.167709,0.805590
285,395,578,337,58,241,0.853165,0.583045,0.692703,3.709122,395,20.334179,24.401015,0.813367
286,399,590,342,57,248,0.857143,0.579661,0.691608,3.721632,399,20.115256,24.138307,0.804610
287,405,600,347,58,253,0.856790,0.578333,0.690547,3.707770,405,19.885619,23.862743,0.795425
288,405,605,347,58,258,0.856790,0.573554,0.687129,3.690541,405,19.912072,23.894486,0.796483
289,407,609,345,62,264,0.847666,0.566502,0.679134,3.800479,407,19.915795,23.898954,0.796632
290,411,617,352,59,265,0.856448,0.570502,0.684825,3.815211,411,19.588555,23.506266,0.783542
291,409,619,351,58,268,0.858191,0.567044,0.682879,3.827612,409,19.833064,23.799676,0.793323
292,416,626,361,55,265,0.867788,0.576677,0.692898,3.792621,416,19.035484,22.842581,0.761419
293,420,635,361,59,274,0.859524,0.568504,0.684360,3.898741,420,19.012661,22.815193,0.760506
294,416,641,357,59,284,0.858173,0.556942,0.675497,3.835928,416,18.874402,22.649282,0.754976
295,425,640,364,61,276,0.856471,0.568750,0.683568,3.950971,425,18.997700,22.797240,0.759908
296,424,650,363,61,287,0.856132,0.558462,0.675978,4.014144,424,18.553877,22.264652,0.742155
297,432,655,369,63,286,0.854167,0.563359,0.678933,3.926530,432,18.287610,21.945132,0.731504
298,435,658,378,57,280,0.868966,0.574468,0.691674,3.915580,435,18.378674,22.054409,0.735147
299,432,661,372,60,289,0.861111,0.562784,0.680695,3.894643,432,18.427683,22.113220,0.737107
